client_time,device_time,data_type,data_value
1666161004569,337204,'CO2',1576.0
1666161010562,343329,'TEMPERATURE',18.76
1666161010604,343330,'HUMIDITY',65.18
1666161010606,343339,'LIGHT',933.33
1666161010750,343346,'CO2',1576.0
1666161016801,349471,'TEMPERATURE',18.76
1666161016801,349472,'HUMIDITY',65.18
1666161016802,349481,'LIGHT',930.83
1666161016803,349488,'CO2',1575.0
1666161022840,355613,'TEMPERATURE',18.76
1666161022891,355614,'HUMIDITY',65.18
1666161022894,355623,'LIGHT',929.99
1666161022939,355630,'CO2',1576.0
1666161029032,361755,'TEMPERATURE',18.76
1666161029096,361756,'HUMIDITY',65.18
1666161029130,361765,'LIGHT',933.33
1666161029131,361772,'CO2',1575.0
1666161035132,367897,'TEMPERATURE',18.76
1666161035133,367898,'HUMIDITY',65.18
1666161035272,367907,'LIGHT',930.83
1666161035273,367914,'CO2',1587.0
1666161041317,374039,'TEMPERATURE',18.76
1666161041366,374040,'HUMIDITY',65.18
1666161041369,374049,'LIGHT',931.66
1666161041371,374056,'CO2',1604.0
1666161047459,380181,'TEMPERATURE',18.76
1666161047557,380182,'HUMIDITY',65.18
1666161047559,380191,'LIGHT',931.66
1666161047560,380198,'CO2',1610.0
1666161053553,386323,'TEMPERATURE',18.76
1666161053554,386324,'HUMIDITY',65.18
1666161053700,386333,'LIGHT',932.49
1666161053701,386340,'CO2',1610.0
1666161059697,392465,'TEMPERATURE',18.76
1666161059746,392466,'HUMIDITY',65.18
1666161059747,392475,'LIGHT',929.99
1666161059797,392482,'CO2',1609.0
1666161065937,398607,'TEMPERATURE',18.76
1666161065938,398608,'HUMIDITY',65.18
1666161065984,398617,'LIGHT',930.83
1666161065985,398624,'CO2',1608.0
1666161072078,404749,'TEMPERATURE',18.76
1666161072127,404750,'HUMIDITY',65.18
1666161072129,404759,'LIGHT',932.49
1666161072130,404766,'CO2',1608.0
1666161078123,410891,'TEMPERATURE',18.76
1666161078125,410892,'HUMIDITY',65.18
1666161078227,410901,'LIGHT',929.99
1666161078228,410908,'CO2',1609.0
1666161084268,417033,'TEMPERATURE',18.76
1666161084269,417034,'HUMIDITY',65.18
1666161084372,417043,'LIGHT',930.83
1666161084373,417050,'CO2',1610.0
1666161090407,423175,'TEMPERATURE',18.76
1666161090410,423176,'HUMIDITY',65.18
1666161090411,423185,'LIGHT',927.49
1666161090413,423192,'CO2',1610.0
1666161096603,429317,'TEMPERATURE',18.76
1666161096698,429318,'HUMIDITY',65.18
1666161096700,429327,'LIGHT',929.16
1666161096701,429334,'CO2',1610.0
1666161102695,435459,'TEMPERATURE',18.76
1666161102743,435460,'HUMIDITY',65.18
1666161102795,435469,'LIGHT',924.16
1666161102797,435476,'CO2',1609.0
1666161108837,441601,'TEMPERATURE',18.76
1666161108884,441602,'HUMIDITY',65.18
1666161108932,441611,'LIGHT',924.99
1666161108934,441618,'CO2',1612.0
1666161115027,447743,'TEMPERATURE',18.76
1666161115075,447744,'HUMIDITY',65.18
1666161115124,447753,'LIGHT',919.16
1666161115127,447760,'CO2',1611.0
1666161121170,453884,'TEMPERATURE',18.76
1666161121219,453885,'HUMIDITY',65.18
1666161121220,453894,'LIGHT',928.33
1666161121222,453901,'CO2',1613.0
1666161127312,460026,'TEMPERATURE',18.76
1666161127360,460027,'HUMIDITY',65.18
1666161127361,460036,'LIGHT',927.49
1666161127362,460043,'CO2',1614.0
1666161133454,466168,'TEMPERATURE',18.76
1666161133503,466169,'HUMIDITY',65.18
1666161133552,466178,'LIGHT',928.33
1666161133553,466185,'CO2',1615.0
1666161139547,472309,'TEMPERATURE',18.76
1666161139549,472310,'HUMIDITY',65.18
1666161139550,472319,'LIGHT',927.49
1666161139551,472326,'CO2',1623.0
1666161145690,478451,'TEMPERATURE',18.76
1666161145788,478452,'HUMIDITY',65.18
1666161145789,478461,'LIGHT',929.16
1666161145790,478466,'CO2',1635.0
1666161151833,484591,'TEMPERATURE',18.76
1666161151883,484592,'HUMIDITY',65.18
1666161151935,484601,'LIGHT',927.49
1666161151936,484606,'CO2',1642.0
1666161157976,490731,'TEMPERATURE',18.76
1666161158025,490732,'HUMIDITY',65.18
1666161158027,490741,'LIGHT',926.66
1666161158028,490748,'CO2',1652.0
1666161164117,496873,'TEMPERATURE',18.76
1666161164167,496874,'HUMIDITY',65.18
1666161164168,496883,'LIGHT',932.49
1666161164264,496890,'CO2',1652.0
1666161170260,503014,'TEMPERATURE',18.76
1666161170261,503015,'HUMIDITY',65.18
1666161170358,503024,'LIGHT',929.16
1666161170360,503029,'CO2',1653.0
1666161176508,509154,'TEMPERATURE',18.76
1666161176509,509155,'HUMIDITY',65.18
1666161176510,509163,'LIGHT',930.83
1666161176511,509170,'CO2',1655.0
1666161182607,515294,'TEMPERATURE',18.76
1666161182643,515295,'HUMIDITY',65.18
1666161182710,515304,'LIGHT',930.83
1666161182712,515310,'CO2',1657.0
1666161188687,521434,'TEMPERATURE',18.76
1666161188736,521435,'HUMIDITY',65.18
1666161188786,521443,'LIGHT',932.49
1666161188788,521450,'CO2',1657.0
1666161194781,527575,'TEMPERATURE',18.76
1666161194831,527576,'HUMIDITY',65.18
1666161194890,527584,'LIGHT',930.83
1666161194892,527591,'CO2',1657.0
1666161200923,533716,'TEMPERATURE',18.76
1666161200925,533717,'HUMIDITY',65.18
1666161200973,533724,'LIGHT',929.99
1666161200974,533733,'CO2',1660.0
1666161207073,539857,'TEMPERATURE',18.76
1666161207074,539858,'HUMIDITY',65.18
1666161207165,539865,'LIGHT',929.16
1666161207212,539873,'CO2',1669.0
1666161213259,545997,'TEMPERATURE',18.76
1666161213260,545998,'HUMIDITY',65.18
1666161213261,546005,'LIGHT',929.99
1666161213262,546012,'CO2',1669.0
1666161219353,552136,'TEMPERATURE',18.76
1666161219354,552137,'HUMIDITY',65.18
1666161219355,552146,'LIGHT',930.83
1666161219399,552151,'CO2',1667.0
1666161225493,558276,'TEMPERATURE',18.76
1666161225494,558277,'HUMIDITY',65.18
1666161225647,558286,'LIGHT',930.83
1666161225688,558292,'CO2',1658.0
1666161231638,564417,'TEMPERATURE',18.76
1666161231639,564418,'HUMIDITY',65.18
1666161231639,564427,'LIGHT',930.83
1666161231640,564433,'CO2',1656.0
1666161237778,570557,'TEMPERATURE',18.76
1666161237780,570558,'HUMIDITY',65.18
1666161237780,570567,'LIGHT',929.99
1666161237781,570573,'CO2',1656.0
1666161243920,576698,'TEMPERATURE',18.76
1666161243922,576699,'HUMIDITY',65.18
1666161244019,576708,'LIGHT',929.99
1666161244066,576713,'CO2',1656.0
1666161250064,582838,'TEMPERATURE',18.76
1666161250112,582839,'HUMIDITY',65.18
1666161250164,582848,'LIGHT',930.83
1666161250165,582855,'CO2',1656.0
1666161256213,588980,'TEMPERATURE',18.76
1666161256213,588981,'HUMIDITY',65.18
1666161256254,588990,'LIGHT',929.99
1666161256303,588997,'CO2',1657.0
1666161262350,595122,'TEMPERATURE',18.76
1666161262351,595123,'HUMIDITY',65.18
1666161262353,595132,'LIGHT',929.99
1666161262396,595139,'CO2',1656.0
1666161268490,601264,'TEMPERATURE',18.76
1666161268540,601265,'HUMIDITY',65.18
1666161268541,601274,'LIGHT',930.83
1666161268637,601281,'CO2',1654.0
1666161274684,607406,'TEMPERATURE',18.76
1666161274685,607407,'HUMIDITY',65.18
1666161274686,607416,'LIGHT',929.99
1666161274731,607423,'CO2',1653.0
1666161280782,613548,'TEMPERATURE',18.76
1666161280824,613549,'HUMIDITY',65.18
1666161280826,613558,'LIGHT',932.49
1666161280827,613565,'CO2',1652.0
1666161286919,619690,'TEMPERATURE',18.76
1666161286921,619691,'HUMIDITY',65.18
1666161286922,619700,'LIGHT',930.83
1666161286923,619707,'CO2',1650.0
1666161293063,625832,'TEMPERATURE',18.76
1666161293109,625833,'HUMIDITY',65.18
1666161293110,625842,'LIGHT',930.83
1666161293162,625849,'CO2',1648.0
1666161299203,631974,'TEMPERATURE',18.76
1666161299204,631975,'HUMIDITY',65.18
1666161299205,631984,'LIGHT',929.99
1666161299206,631991,'CO2',1648.0
1666161305346,638116,'TEMPERATURE',18.76
1666161305347,638117,'HUMIDITY',65.18
1666161305348,638126,'LIGHT',932.49
1666161305349,638133,'CO2',1648.0
1666161311488,644258,'TEMPERATURE',18.76
1666161311490,644259,'HUMIDITY',65.18
1666161311491,644268,'LIGHT',930.83
1666161311492,644275,'CO2',1648.0
1666161317737,650399,'TEMPERATURE',18.76
1666161317738,650400,'HUMIDITY',65.18
1666161317739,650409,'LIGHT',931.66
1666161317741,650416,'CO2',1647.0
1666161323773,656541,'TEMPERATURE',18.76
1666161323822,656542,'HUMIDITY',65.18
1666161323823,656551,'LIGHT',933.33
1666161323874,656556,'CO2',1648.0
1666161329916,662681,'TEMPERATURE',18.76
1666161329917,662682,'HUMIDITY',65.18
1666161329918,662691,'LIGHT',931.66
1666161329921,662698,'CO2',1648.0
1666161336056,668823,'TEMPERATURE',18.76
1666161336058,668824,'HUMIDITY',65.18
1666161336059,668833,'LIGHT',930.83
1666161336060,668840,'CO2',1650.0
1666161342201,674965,'TEMPERATURE',18.76
1666161342304,674966,'HUMIDITY',65.18
1666161342305,674975,'LIGHT',931.66
1666161342306,674982,'CO2',1651.0
1666161348390,681107,'TEMPERATURE',18.76
1666161348440,681108,'HUMIDITY',65.18
1666161348489,681117,'LIGHT',931.66
1666161348490,681124,'CO2',1651.0
1666161354485,687249,'TEMPERATURE',18.76
1666161354486,687250,'HUMIDITY',65.18
1666161354487,687259,'LIGHT',929.99
1666161354488,687266,'CO2',1651.0
1666161360628,693391,'TEMPERATURE',18.76
1666161360629,693392,'HUMIDITY',65.18
1666161360630,693401,'LIGHT',929.99
1666161360632,693408,'CO2',1652.0
1666161366819,699533,'TEMPERATURE',18.76
1666161366868,699534,'HUMIDITY',65.18
1666161366869,699543,'LIGHT',931.66
1666161366870,699550,'CO2',1652.0
1666161373010,705674,'TEMPERATURE',18.76
1666161373011,705675,'HUMIDITY',65.18
1666161373012,705684,'LIGHT',929.99
1666161373013,705691,'CO2',1649.0
1666161379056,711815,'TEMPERATURE',18.76
1666161379057,711816,'HUMIDITY',65.18
1666161379058,711825,'LIGHT',929.99
1666161379059,711832,'CO2',1646.0
1666161385198,717956,'TEMPERATURE',18.76
1666161385248,717957,'HUMIDITY',65.18
1666161385250,717966,'LIGHT',930.83
1666161385251,717973,'CO2',1646.0
1666161391388,724098,'TEMPERATURE',18.76
1666161391451,724099,'HUMIDITY',65.18
1666161391453,724108,'LIGHT',929.99
1666161391454,724115,'CO2',1641.0
1666161397579,730239,'TEMPERATURE',18.76
1666161397630,730240,'HUMIDITY',65.18
1666161397632,730249,'LIGHT',930.83
1666161397633,730254,'CO2',1641.0
1666161403682,736379,'TEMPERATURE',18.76
1666161403684,736380,'HUMIDITY',65.18
1666161403685,736389,'LIGHT',929.99
1666161403686,736394,'CO2',1641.0
1666161409767,742519,'TEMPERATURE',18.76
1666161409769,742520,'HUMIDITY',65.18
1666161409865,742529,'LIGHT',930.83
1666161409866,742536,'CO2',1635.0
1666161415909,748661,'TEMPERATURE',18.76
1666161415911,748662,'HUMIDITY',65.18
1666161415911,748671,'LIGHT',931.66
1666161415912,748678,'CO2',1623.0
1666161422052,754803,'TEMPERATURE',18.76
1666161422101,754804,'HUMIDITY',65.18
1666161422150,754812,'LIGHT',929.99
1666161422152,754819,'CO2',1625.0
1666161428262,760944,'TEMPERATURE',18.76
1666161428292,760945,'HUMIDITY',65.18
1666161428294,760953,'LIGHT',929.99
1666161428295,760959,'CO2',1628.0
1666161434288,767083,'TEMPERATURE',18.76
1666161434386,767084,'HUMIDITY',65.18
1666161434436,767092,'LIGHT',930.83
1666161434484,767098,'CO2',1627.0
1666161440432,773222,'TEMPERATURE',18.76
1666161440433,773223,'HUMIDITY',65.18
1666161440434,773230,'LIGHT',931.66
1666161440482,773240,'CO2',1634.0
1666161446573,779364,'TEMPERATURE',18.76
1666161446575,779365,'HUMIDITY',65.18
1666161446623,779372,'LIGHT',929.99
1666161446624,779381,'CO2',1634.0
1666161452716,785506,'TEMPERATURE',18.76
1666161452718,785507,'HUMIDITY',65.18
1666161452719,785514,'LIGHT',929.99
1666161452764,785524,'CO2',1635.0
1666161458858,791648,'TEMPERATURE',18.76
1666161458907,791649,'HUMIDITY',65.18
1666161458908,791656,'LIGHT',932.49
1666161458909,791663,'CO2',1634.0
1666161465002,797788,'TEMPERATURE',18.76
1666161465005,797789,'HUMIDITY',65.18
1666161465007,797798,'LIGHT',929.99
1666161465049,797803,'CO2',1639.0
1666161471142,803928,'TEMPERATURE',18.76
1666161471145,803929,'HUMIDITY',65.18
1666161471147,803938,'LIGHT',929.99
1666161471192,803944,'CO2',1639.0
1666161477286,810069,'TEMPERATURE',18.76
1666161477288,810070,'HUMIDITY',65.18
1666161477289,810079,'LIGHT',929.99
1666161477290,810085,'CO2',1638.0
1666161483436,816210,'TEMPERATURE',18.76
1666161483477,816211,'HUMIDITY',65.18
1666161483527,816220,'LIGHT',931.66
1666161483529,816225,'CO2',1631.0
1666161489576,822350,'TEMPERATURE',18.76
1666161489577,822351,'HUMIDITY',65.18
1666161489579,822360,'LIGHT',929.99
1666161489581,822366,'CO2',1635.0
1666161495762,828491,'TEMPERATURE',18.76
1666161495813,828492,'HUMIDITY',65.18
1666161495814,828501,'LIGHT',929.99
1666161495909,828508,'CO2',1635.0
1666161501855,834633,'TEMPERATURE',18.76
1666161501857,834634,'HUMIDITY',65.18
1666161501858,834643,'LIGHT',931.66
1666161501859,834648,'CO2',1634.0
1666161507998,840773,'TEMPERATURE',18.76
1666161508047,840774,'HUMIDITY',65.18
1666161508048,840783,'LIGHT',929.99
1666161508095,840790,'CO2',1634.0
1666161514141,846915,'TEMPERATURE',18.76
1666161514189,846916,'HUMIDITY',65.18
1666161514191,846925,'LIGHT',929.99
1666161514245,846932,'CO2',1630.0
1666161520282,853057,'TEMPERATURE',18.76
1666161520332,853058,'HUMIDITY',65.18
1666161520334,853067,'LIGHT',929.99
1666161520428,853074,'CO2',1628.0
1666161526425,859199,'TEMPERATURE',18.76
1666161526426,859200,'HUMIDITY',65.18
1666161526428,859209,'LIGHT',929.99
1666161526429,859216,'CO2',1629.0
1666161532573,865341,'TEMPERATURE',18.76
1666161532574,865342,'HUMIDITY',65.18
1666161532715,865351,'LIGHT',929.99
1666161532716,865358,'CO2',1629.0
1666161538711,871483,'TEMPERATURE',18.76
1666161538712,871484,'HUMIDITY',65.18
1666161538876,871493,'LIGHT',929.99
1666161538877,871500,'CO2',1628.0
1666161544859,877625,'TEMPERATURE',18.76
1666161544860,877626,'HUMIDITY',65.18
1666161544861,877635,'LIGHT',929.99
1666161544863,877642,'CO2',1630.0
1666161550995,883767,'TEMPERATURE',18.76
1666161550996,883768,'HUMIDITY',65.18
1666161550997,883777,'LIGHT',932.49
1666161550998,883784,'CO2',1649.0
1666161557186,889909,'TEMPERATURE',18.76
1666161557236,889910,'HUMIDITY',65.18
1666161557283,889919,'LIGHT',929.99
1666161557285,889926,'CO2',1663.0
1666161563328,896051,'TEMPERATURE',18.76
1666161563378,896052,'HUMIDITY',65.18
1666161563429,896061,'LIGHT',930.83
1666161563430,896068,'CO2',1662.0
1666161569427,902193,'TEMPERATURE',18.76
1666161569472,902194,'HUMIDITY',65.18
1666161569473,902203,'LIGHT',929.99
1666161569473,902210,'CO2',1662.0
1666161575566,908335,'TEMPERATURE',18.76
1666161575662,908336,'HUMIDITY',65.18
1666161575664,908345,'LIGHT',930.83
1666161575761,908352,'CO2',1662.0
1666161581706,914477,'TEMPERATURE',18.76
1666161581708,914478,'HUMIDITY',65.18
1666161581756,914487,'LIGHT',928.33
1666161581758,914494,'CO2',1662.0
1666161587947,920619,'TEMPERATURE',18.76
1666161587948,920620,'HUMIDITY',65.18
1666161587949,920629,'LIGHT',929.16
1666161587951,920636,'CO2',1665.0
1666161593999,926761,'TEMPERATURE',18.76
1666161594000,926762,'HUMIDITY',65.18
1666161594001,926771,'LIGHT',931.66
1666161594002,926778,'CO2',1669.0
1666161600135,932903,'TEMPERATURE',18.76
1666161600136,932904,'HUMIDITY',65.18
1666161600137,932913,'LIGHT',929.16
1666161600138,932920,'CO2',1668.0
1666161606282,939045,'TEMPERATURE',18.76
1666161606326,939046,'HUMIDITY',65.18
1666161606327,939055,'LIGHT',929.16
1666161606375,939062,'CO2',1668.0
1666161612419,945187,'TEMPERATURE',18.76
1666161612420,945188,'HUMIDITY',65.18
1666161612469,945197,'LIGHT',929.16
1666161612471,945204,'CO2',1668.0
1666161618562,951329,'TEMPERATURE',18.76
1666161618563,951330,'HUMIDITY',65.18
1666161618564,951339,'LIGHT',934.16
1666161618566,951346,'CO2',1666.0
1666161624755,957471,'TEMPERATURE',18.76
1666161624756,957472,'HUMIDITY',65.18
1666161624757,957481,'LIGHT',931.66
1666161624802,957488,'CO2',1658.0
1666161630847,963613,'TEMPERATURE',18.76
1666161630896,963614,'HUMIDITY',65.18
1666161630898,963623,'LIGHT',932.49
1666161630900,963631,'CO2',1658.0
1666161636990,969756,'TEMPERATURE',18.76
1666161636991,969757,'HUMIDITY',65.18
1666161637038,969766,'LIGHT',933.33
1666161637040,969771,'CO2',1653.0
1666161643131,975896,'TEMPERATURE',18.76
1666161643132,975897,'HUMIDITY',65.18
1666161643278,975906,'LIGHT',932.49
1666161643326,975913,'CO2',1655.0
1666161649323,982038,'TEMPERATURE',18.76
1666161649374,982039,'HUMIDITY',65.18
1666161649376,982048,'LIGHT',932.49
1666161649377,982055,'CO2',1655.0
1666161655417,988179,'TEMPERATURE',18.76
1666161655478,988180,'HUMIDITY',65.18
1666161655479,988187,'LIGHT',932.49
1666161655514,988194,'CO2',1654.0
1666161661560,994319,'TEMPERATURE',18.76
1666161661562,994320,'HUMIDITY',65.18
1666161661609,994329,'LIGHT',932.49
1666161661610,994336,'CO2',1646.0
1666161667805,1000461,'TEMPERATURE',18.76
1666161667849,1000462,'HUMIDITY',65.18
1666161667850,1000471,'LIGHT',936.66
1666161667852,1000478,'CO2',1645.0
1666161673843,1006602,'TEMPERATURE',18.76
1666161673895,1006603,'HUMIDITY',65.18
1666161673945,1006612,'LIGHT',931.66
1666161673946,1006617,'CO2',1643.0
1666161679987,1012742,'TEMPERATURE',18.76
1666161680041,1012743,'HUMIDITY',65.18
1666161680042,1012750,'LIGHT',931.66
1666161680043,1012757,'CO2',1640.0
1666161686132,1018881,'TEMPERATURE',18.76
1666161686133,1018882,'HUMIDITY',65.18
1666161686134,1018890,'LIGHT',933.33
1666161686135,1018897,'CO2',1640.0
1666161692234,1025021,'TEMPERATURE',18.76
1666161692272,1025022,'HUMIDITY',65.18
1666161692274,1025031,'LIGHT',932.49
1666161692275,1025038,'CO2',1637.0
1666161698366,1031163,'TEMPERATURE',18.76
1666161698463,1031164,'HUMIDITY',65.18
1666161698464,1031173,'LIGHT',932.49
1666161698561,1031179,'CO2',1634.0
1666161704507,1037303,'TEMPERATURE',18.76
1666161704654,1037304,'HUMIDITY',65.18
1666161704709,1037312,'LIGHT',932.49
1666161704710,1037319,'CO2',1632.0
1666161710699,1043443,'TEMPERATURE',18.76
1666161710747,1043444,'HUMIDITY',65.18
1666161710944,1043451,'LIGHT',934.16
1666161710945,1043459,'CO2',1619.0
1666161716806,1049584,'TEMPERATURE',18.76
1666161716807,1049585,'HUMIDITY',65.18
1666161716809,1049592,'LIGHT',932.49
1666161716841,1049601,'CO2',1603.0
1666161723032,1055726,'TEMPERATURE',18.76
1666161723131,1055727,'HUMIDITY',65.18
1666161723132,1055734,'LIGHT',932.49
1666161723229,1055740,'CO2',1601.0
1666161729078,1061864,'TEMPERATURE',18.76
1666161729080,1061865,'HUMIDITY',65.18
1666161729081,1061873,'LIGHT',932.49
1666161729128,1061879,'CO2',1600.0
1666161735286,1068004,'TEMPERATURE',18.76
1666161735287,1068005,'HUMIDITY',65.18
1666161735365,1068014,'LIGHT',932.49
1666161735415,1068020,'CO2',1600.0
1666161741411,1074145,'TEMPERATURE',18.76
1666161741461,1074146,'HUMIDITY',65.18
1666161741462,1074155,'LIGHT',932.49
1666161741463,1074161,'CO2',1602.0
1666161747507,1080285,'TEMPERATURE',18.76
1666161747554,1080286,'HUMIDITY',65.18
1666161747556,1080295,'LIGHT',931.66
1666161747701,1080301,'CO2',1603.0
1666161753760,1086426,'TEMPERATURE',18.76
1666161753795,1086427,'HUMIDITY',65.18
1666161753796,1086436,'LIGHT',934.16
1666161753797,1086441,'CO2',1601.0
1666161759790,1092566,'TEMPERATURE',18.76
1666161759839,1092567,'HUMIDITY',65.18
1666161759888,1092576,'LIGHT',933.33
1666161759890,1092583,'CO2',1601.0
1666161765932,1098708,'TEMPERATURE',18.76
1666161765934,1098709,'HUMIDITY',65.18
1666161765935,1098718,'LIGHT',932.49
1666161765936,1098725,'CO2',1605.0
1666161772172,1104850,'TEMPERATURE',18.76
1666161772222,1104851,'HUMIDITY',65.18
1666161772224,1104860,'LIGHT',932.49
1666161772225,1104867,'CO2',1605.0
1666161778217,1110992,'TEMPERATURE',18.76
1666161778363,1110993,'HUMIDITY',65.18
1666161778365,1111002,'LIGHT',934.16
1666161778366,1111009,'CO2',1604.0
1666161784362,1117134,'TEMPERATURE',18.76
1666161784363,1117135,'HUMIDITY',65.18
1666161784364,1117144,'LIGHT',932.49
1666161784365,1117151,'CO2',1605.0
1666161790560,1123276,'TEMPERATURE',18.76
1666161790561,1123277,'HUMIDITY',65.18
1666161790562,1123286,'LIGHT',931.66
1666161790563,1123293,'CO2',1605.0
1666161796742,1129418,'TEMPERATURE',18.76
1666161796791,1129419,'HUMIDITY',65.18
1666161796792,1129428,'LIGHT',932.49
1666161796794,1129435,'CO2',1603.0
1666161802787,1135560,'TEMPERATURE',18.76
1666161802838,1135561,'HUMIDITY',65.18
1666161802839,1135570,'LIGHT',935.83
1666161802933,1135577,'CO2',1605.0
1666161808929,1141702,'TEMPERATURE',18.76
1666161808930,1141703,'HUMIDITY',65.18
1666161808978,1141712,'LIGHT',932.49
1666161808979,1141719,'CO2',1611.0
1666161815074,1147844,'TEMPERATURE',18.76
1666161815075,1147845,'HUMIDITY',65.18
1666161815077,1147854,'LIGHT',932.49
1666161815078,1147861,'CO2',1616.0
1666161821216,1153986,'TEMPERATURE',18.76
1666161821218,1153987,'HUMIDITY',65.18
1666161821314,1153996,'LIGHT',932.49
1666161821316,1154003,'CO2',1618.0
1666161827460,1160228,'TEMPERATURE',18.76
1666161827462,1160229,'HUMIDITY',65.18
1666161827606,1160238,'LIGHT',933.33
1666161827608,1160245,'CO2',1622.0
1666161833744,1166370,'TEMPERATURE',18.76
1666161833747,1166371,'HUMIDITY',65.18
1666161833791,1166380,'LIGHT',932.49
1666161833792,1166387,'CO2',1624.0
1666161839739,1172512,'TEMPERATURE',18.76
1666161839741,1172513,'HUMIDITY',65.18
1666161839741,1172522,'LIGHT',933.33
1666161839742,1172530,'CO2',1624.0
1666161845930,1178654,'TEMPERATURE',18.76
1666161845982,1178655,'HUMIDITY',65.18
1666161845984,1178664,'LIGHT',932.49
1666161846028,1178671,'CO2',1623.0
1666161852025,1184796,'TEMPERATURE',18.76
1666161852027,1184797,'HUMIDITY',65.18
1666161852028,1184806,'LIGHT',932.49
1666161852029,1184813,'CO2',1621.0
1666161858217,1190938,'TEMPERATURE',18.76
1666161858264,1190939,'HUMIDITY',65.18
1666161858265,1190948,'LIGHT',930.83
1666161858314,1190955,'CO2',1623.0
1666161864309,1197080,'TEMPERATURE',18.76
1666161864311,1197081,'HUMIDITY',65.18
1666161864454,1197090,'LIGHT',932.49
1666161864505,1197097,'CO2',1623.0
1666161870451,1203222,'TEMPERATURE',18.76
1666161870506,1203223,'HUMIDITY',65.18
1666161870507,1203232,'LIGHT',931.66
1666161870508,1203239,'CO2',1622.0
1666161876692,1209364,'TEMPERATURE',18.76
1666161876693,1209365,'HUMIDITY',65.18
1666161876694,1209374,'LIGHT',931.66
1666161876695,1209381,'CO2',1621.0
1666161882737,1215506,'TEMPERATURE',18.76
1666161882738,1215507,'HUMIDITY',65.18
1666161882740,1215516,'LIGHT',933.33
1666161882741,1215523,'CO2',1620.0
1666161888977,1221648,'TEMPERATURE',18.76
1666161889026,1221649,'HUMIDITY',65.18
1666161889027,1221658,'LIGHT',931.66
1666161889028,1221665,'CO2',1621.0
1666161895074,1227790,'TEMPERATURE',18.76
1666161895075,1227791,'HUMIDITY',65.18
1666161895118,1227800,'LIGHT',931.66
1666161895119,1227807,'CO2',1620.0
1666161901273,1233932,'TEMPERATURE',18.76
1666161901274,1233933,'HUMIDITY',65.18
1666161901276,1233942,'LIGHT',931.66
1666161901277,1233949,'CO2',1621.0
1666161907310,1240074,'TEMPERATURE',18.76
1666161907355,1240075,'HUMIDITY',65.18
1666161907357,1240084,'LIGHT',933.33
1666161907455,1240089,'CO2',1620.0
1666161913498,1246214,'TEMPERATURE',18.76
1666161913500,1246215,'HUMIDITY',65.18
1666161913502,1246222,'LIGHT',931.66
1666161913503,1246229,'CO2',1622.0
1666161919596,1252353,'TEMPERATURE',18.76
1666161919597,1252354,'HUMIDITY',65.18
1666161919689,1252363,'LIGHT',932.49
1666161919691,1252370,'CO2',1624.0
1666161925734,1258495,'TEMPERATURE',18.76
1666161925783,1258496,'HUMIDITY',65.18
1666161925832,1258505,'LIGHT',931.66
1666161925834,1258510,'CO2',1625.0
1666161931877,1264635,'TEMPERATURE',20.83
1666161931879,1264636,'HUMIDITY',57.52
1666161932022,1264643,'LIGHT',931.66
1666161932024,1264650,'CO2',1628.0
1666161938021,1270775,'TEMPERATURE',20.83
1666161938068,1270776,'HUMIDITY',57.52
1666161938116,1270785,'LIGHT',931.66
1666161938170,1270792,'CO2',1629.0
1666161944259,1276917,'TEMPERATURE',20.83
1666161944307,1276918,'HUMIDITY',57.52
1666161944310,1276927,'LIGHT',931.66
1666161944311,1276934,'CO2',1632.0
1666161950303,1283059,'TEMPERATURE',20.83
1666161950402,1283060,'HUMIDITY',57.52
1666161950404,1283069,'LIGHT',931.66
1666161950405,1283076,'CO2',1634.0
1666161956451,1289200,'TEMPERATURE',20.83
1666161956451,1289201,'HUMIDITY',57.29
1666161956452,1289210,'LIGHT',932.49
1666161956453,1289217,'CO2',1634.0
1666161962638,1295342,'TEMPERATURE',20.86
1666161962640,1295343,'HUMIDITY',57.35
1666161962641,1295352,'LIGHT',931.66
1666161962642,1295359,'CO2',1632.0
1666161968731,1301483,'TEMPERATURE',20.86
1666161968779,1301484,'HUMIDITY',57.35
1666161968925,1301493,'LIGHT',932.49
1666161968926,1301500,'CO2',1644.0
1666161974834,1307624,'TEMPERATURE',20.86
1666161974971,1307625,'HUMIDITY',57.35
1666161975022,1307633,'LIGHT',934.16
1666161975024,1307641,'CO2',1645.0
1666161981015,1313765,'TEMPERATURE',20.86
1666161981017,1313766,'HUMIDITY',57.35
1666161981066,1313775,'LIGHT',931.66
1666161981069,1313782,'CO2',1646.0
1666161987121,1319906,'TEMPERATURE',20.86
1666161987207,1319907,'HUMIDITY',57.35
1666161987256,1319915,'LIGHT',932.49
1666161987257,1319922,'CO2',1646.0
1666161993252,1326046,'TEMPERATURE',20.86
1666161993253,1326047,'HUMIDITY',57.35
1666161993305,1326055,'LIGHT',931.66
1666161993306,1326062,'CO2',1645.0
1666161999443,1332187,'TEMPERATURE',20.86
1666161999492,1332188,'HUMIDITY',57.35
1666161999493,1332195,'LIGHT',933.33
1666161999639,1332202,'CO2',1644.0
1666162005538,1338326,'TEMPERATURE',20.86
1666162005540,1338327,'HUMIDITY',57.35
1666162005635,1338335,'LIGHT',931.66
1666162005701,1338340,'CO2',1646.0
1666162011680,1344465,'TEMPERATURE',20.86
1666162011799,1344466,'HUMIDITY',57.35
1666162011799,1344474,'LIGHT',932.49
1666162011878,1344481,'CO2',1650.0
1666162017871,1350605,'TEMPERATURE',20.86
1666162017932,1350606,'HUMIDITY',57.35
1666162017969,1350615,'LIGHT',931.66
1666162017970,1350621,'CO2',1653.0
1666162023964,1356745,'TEMPERATURE',20.86
1666162023965,1356746,'HUMIDITY',57.35
1666162024120,1356755,'LIGHT',929.99
1666162024122,1356761,'CO2',1654.0
1666162030126,1362885,'TEMPERATURE',20.86
1666162030155,1362886,'HUMIDITY',57.35
1666162030157,1362895,'LIGHT',931.66
1666162030204,1362900,'CO2',1659.0
1666162036255,1369025,'TEMPERATURE',20.86
1666162036256,1369026,'HUMIDITY',57.35
1666162036258,1369035,'LIGHT',931.66
1666162036259,1369040,'CO2',1661.0
1666162042393,1375165,'TEMPERATURE',20.86
1666162042394,1375166,'HUMIDITY',57.35
1666162042552,1375175,'LIGHT',932.49
1666162042553,1375180,'CO2',1669.0
1666162048534,1381305,'TEMPERATURE',20.86
1666162048582,1381306,'HUMIDITY',57.35
1666162048632,1381315,'LIGHT',931.66
1666162048633,1381322,'CO2',1674.0
1666162054686,1387447,'TEMPERATURE',20.86
1666162054686,1387448,'HUMIDITY',57.35
1666162054687,1387457,'LIGHT',930.83
1666162054688,1387464,'CO2',1676.0
1666162060825,1393589,'TEMPERATURE',20.86
1666162060826,1393590,'HUMIDITY',57.35
1666162060868,1393599,'LIGHT',931.66
1666162060869,1393606,'CO2',1678.0
1666162066963,1399731,'TEMPERATURE',20.86
1666162067123,1399732,'HUMIDITY',57.35
1666162067124,1399741,'LIGHT',930.83
1666162067124,1399748,'CO2',1679.0
1666162073204,1405873,'TEMPERATURE',20.86
1666162073253,1405874,'HUMIDITY',57.35
1666162073254,1405883,'LIGHT',931.66
1666162073299,1405890,'CO2',1681.0
1666162079247,1412015,'TEMPERATURE',20.86
1666162079248,1412016,'HUMIDITY',57.35
1666162079344,1412025,'LIGHT',932.49
1666162079348,1412032,'CO2',1682.0
1666162085388,1418156,'TEMPERATURE',20.86
1666162085437,1418157,'HUMIDITY',57.35
1666162085438,1418166,'LIGHT',932.49
1666162085439,1418171,'CO2',1681.0
1666162091631,1424296,'TEMPERATURE',20.86
1666162091632,1424297,'HUMIDITY',57.35
1666162091633,1424306,'LIGHT',932.49
1666162091633,1424312,'CO2',1682.0
1666162097674,1430436,'TEMPERATURE',20.86
1666162097677,1430437,'HUMIDITY',57.35
1666162097678,1430446,'LIGHT',931.66
1666162097679,1430453,'CO2',1686.0
1666162103822,1436577,'TEMPERATURE',20.86
1666162103864,1436578,'HUMIDITY',57.35
1666162103913,1436587,'LIGHT',932.49
1666162103915,1436592,'CO2',1685.0
1666162110008,1442717,'TEMPERATURE',20.86
1666162110105,1442718,'HUMIDITY',57.35
1666162110107,1442727,'LIGHT',931.66
1666162110108,1442732,'CO2',1684.0
1666162116101,1448857,'TEMPERATURE',20.86
1666162116102,1448858,'HUMIDITY',57.35
1666162116152,1448867,'LIGHT',932.49
1666162116154,1448874,'CO2',1684.0
1666162122314,1454998,'TEMPERATURE',20.86
1666162122315,1454999,'HUMIDITY',57.35
1666162122315,1455008,'LIGHT',932.49
1666162122316,1455015,'CO2',1684.0
1666162128436,1461139,'TEMPERATURE',20.86
1666162128484,1461140,'HUMIDITY',57.35
1666162128532,1461148,'LIGHT',932.49
1666162128533,1461155,'CO2',1684.0
1666162134529,1467280,'TEMPERATURE',20.86
1666162134530,1467281,'HUMIDITY',57.35
1666162134675,1467289,'LIGHT',934.16
1666162134677,1467296,'CO2',1666.0
1666162140673,1473421,'TEMPERATURE',20.86
1666162140676,1473422,'HUMIDITY',57.35
1666162140678,1473431,'LIGHT',932.49
1666162140679,1473437,'CO2',1660.0
1666162146813,1479561,'TEMPERATURE',20.86
1666162146814,1479562,'HUMIDITY',57.35
1666162146815,1479569,'LIGHT',932.49
1666162146816,1479576,'CO2',1663.0
1666162152908,1485700,'TEMPERATURE',20.86
1666162152909,1485701,'HUMIDITY',57.35
1666162152911,1485709,'LIGHT',932.49
1666162152960,1485718,'CO2',1665.0
1666162159050,1491842,'TEMPERATURE',20.86
1666162159051,1491843,'HUMIDITY',57.35
1666162159053,1491851,'LIGHT',932.49
1666162159099,1491860,'CO2',1664.0
1666162165241,1497984,'TEMPERATURE',20.86
1666162165242,1497985,'HUMIDITY',57.35
1666162165244,1497993,'LIGHT',932.49
1666162165244,1497999,'CO2',1664.0
1666162171336,1504123,'TEMPERATURE',20.86
1666162171338,1504124,'HUMIDITY',57.35
1666162171434,1504133,'LIGHT',931.66
1666162171483,1504138,'CO2',1662.0
1666162177478,1510263,'TEMPERATURE',20.86
1666162177527,1510264,'HUMIDITY',57.35
1666162177529,1510272,'LIGHT',934.16
1666162177671,1510279,'CO2',1662.0
1666162183619,1516404,'TEMPERATURE',20.86
1666162183620,1516405,'HUMIDITY',57.35
1666162183621,1516414,'LIGHT',930.83
1666162183623,1516419,'CO2',1663.0
1666162189860,1522544,'TEMPERATURE',20.86
1666162189919,1522545,'HUMIDITY',57.35
1666162189920,1522554,'LIGHT',931.66
1666162190006,1522560,'CO2',1663.0
1666162195909,1528684,'TEMPERATURE',20.86
1666162195910,1528685,'HUMIDITY',57.35
1666162195911,1528694,'LIGHT',932.49
1666162195912,1528699,'CO2',1662.0
1666162202047,1534824,'TEMPERATURE',20.86
1666162202095,1534825,'HUMIDITY',57.35
1666162202096,1534834,'LIGHT',932.49
1666162202097,1534841,'CO2',1660.0
1666162208190,1540966,'TEMPERATURE',20.86
1666162208191,1540967,'HUMIDITY',57.35
1666162208192,1540976,'LIGHT',932.49
1666162208192,1540983,'CO2',1657.0
1666162214340,1547108,'TEMPERATURE',20.86
1666162214341,1547109,'HUMIDITY',57.35
1666162214342,1547118,'LIGHT',932.49
1666162214343,1547125,'CO2',1649.0
1666162220474,1553250,'TEMPERATURE',20.86
1666162220476,1553251,'HUMIDITY',57.35
1666162220524,1553260,'LIGHT',933.33
1666162220525,1553267,'CO2',1650.0
1666162226617,1559392,'TEMPERATURE',20.86
1666162226667,1559393,'HUMIDITY',57.35
1666162226668,1559402,'LIGHT',932.49
1666162226715,1559409,'CO2',1661.0
1666162232808,1565534,'TEMPERATURE',20.86
1666162232857,1565535,'HUMIDITY',57.35
1666162232860,1565544,'LIGHT',932.49
1666162232979,1565551,'CO2',1661.0
1666162238910,1571676,'TEMPERATURE',20.86
1666162238911,1571677,'HUMIDITY',57.35
1666162238999,1571686,'LIGHT',932.49
1666162239058,1571693,'CO2',1659.0
1666162245045,1577818,'TEMPERATURE',20.86
1666162245046,1577819,'HUMIDITY',57.35
1666162245047,1577828,'LIGHT',934.16
1666162245048,1577835,'CO2',1667.0
1666162251187,1583960,'TEMPERATURE',20.86
1666162251235,1583961,'HUMIDITY',57.35
1666162251236,1583970,'LIGHT',932.49
1666162251284,1583977,'CO2',1674.0
1666162257377,1590102,'TEMPERATURE',20.86
1666162257426,1590103,'HUMIDITY',57.35
1666162257525,1590112,'LIGHT',932.49
1666162257526,1590119,'CO2',1681.0
1666162263493,1596243,'TEMPERATURE',20.86
1666162263494,1596244,'HUMIDITY',57.35
1666162263496,1596253,'LIGHT',932.49
1666162263497,1596258,'CO2',1682.0
1666162269617,1602383,'TEMPERATURE',20.86
1666162269619,1602384,'HUMIDITY',57.35
1666162269761,1602391,'LIGHT',934.99
1666162269809,1602398,'CO2',1681.0
1666162275756,1608523,'TEMPERATURE',20.86
1666162275805,1608524,'HUMIDITY',57.35
1666162275807,1608533,'LIGHT',932.49
1666162275854,1608540,'CO2',1679.0
1666162281948,1614665,'TEMPERATURE',20.86
1666162281997,1614666,'HUMIDITY',57.35
1666162281998,1614675,'LIGHT',932.49
1666162282058,1614682,'CO2',1679.0
1666162288042,1620807,'TEMPERATURE',20.86
1666162288044,1620808,'HUMIDITY',57.35
1666162288045,1620817,'LIGHT',934.16
1666162288046,1620824,'CO2',1678.0
1666162294184,1626949,'TEMPERATURE',20.86
1666162294185,1626950,'HUMIDITY',57.35
1666162294186,1626959,'LIGHT',932.49
1666162294187,1626966,'CO2',1679.0
1666162300327,1633091,'TEMPERATURE',20.86
1666162300425,1633092,'HUMIDITY',57.35
1666162300428,1633101,'LIGHT',931.66
1666162300429,1633108,'CO2',1679.0
1666162306519,1639233,'TEMPERATURE',20.86
1666162306569,1639234,'HUMIDITY',57.35
1666162306571,1639243,'LIGHT',931.66
1666162306761,1639250,'CO2',1680.0
1666162312660,1645375,'TEMPERATURE',20.86
1666162312708,1645376,'HUMIDITY',57.35
1666162312758,1645385,'LIGHT',934.16
1666162312759,1645392,'CO2',1680.0
1666162318851,1651517,'TEMPERATURE',20.86
1666162318852,1651518,'HUMIDITY',57.35
1666162318853,1651527,'LIGHT',931.66
1666162318854,1651534,'CO2',1676.0
1666162324895,1657659,'TEMPERATURE',20.86
1666162324897,1657660,'HUMIDITY',57.35
1666162324993,1657669,'LIGHT',931.66
1666162324995,1657676,'CO2',1676.0
1666162331136,1663801,'TEMPERATURE',20.86
1666162331138,1663802,'HUMIDITY',57.35
1666162331139,1663811,'LIGHT',933.33
1666162331141,1663818,'CO2',1677.0
1666162337187,1669943,'TEMPERATURE',20.86
1666162337188,1669944,'HUMIDITY',57.35
1666162337188,1669953,'LIGHT',932.49
1666162337231,1669960,'CO2',1680.0
1666162343471,1676085,'TEMPERATURE',20.86
1666162343472,1676086,'HUMIDITY',57.35
1666162343473,1676095,'LIGHT',931.66
1666162343474,1676102,'CO2',1684.0
1666162349618,1682227,'TEMPERATURE',20.86
1666162349620,1682228,'HUMIDITY',57.35
1666162349621,1682237,'LIGHT',931.66
1666162349622,1682244,'CO2',1683.0
1666162355609,1688369,'TEMPERATURE',20.86
1666162355707,1688370,'HUMIDITY',57.35
1666162355708,1688379,'LIGHT',932.49
1666162355710,1688386,'CO2',1683.0
1666162361822,1694510,'TEMPERATURE',20.86
1666162361849,1694511,'HUMIDITY',57.35
1666162361851,1694520,'LIGHT',933.33
1666162361994,1694527,'CO2',1682.0
1666162367941,1700652,'TEMPERATURE',20.86
1666162367991,1700653,'HUMIDITY',57.35
1666162367992,1700662,'LIGHT',932.49
1666162368039,1700669,'CO2',1684.0
1666162374133,1706794,'TEMPERATURE',20.86
1666162374135,1706795,'HUMIDITY',57.35
1666162374136,1706804,'LIGHT',933.33
1666162374137,1706811,'CO2',1685.0
1666162380181,1712936,'TEMPERATURE',20.86
1666162380182,1712937,'HUMIDITY',57.35
1666162380277,1712946,'LIGHT',934.99
1666162380280,1712953,'CO2',1685.0
1666162386323,1719078,'TEMPERATURE',20.86
1666162386324,1719079,'HUMIDITY',57.35
1666162386325,1719088,'LIGHT',933.33
1666162386327,1719095,'CO2',1683.0
1666162392465,1725220,'TEMPERATURE',20.86
1666162392516,1725221,'HUMIDITY',57.35
1666162392562,1725230,'LIGHT',932.49
1666162392564,1725237,'CO2',1683.0
1666162398657,1731362,'TEMPERATURE',20.86
1666162398658,1731363,'HUMIDITY',57.35
1666162398659,1731372,'LIGHT',932.49
1666162398662,1731379,'CO2',1682.0
1666162404845,1737516,'TEMPERATURE',21.06
1666162404894,1737517,'HUMIDITY',56.29
1666162404895,1737526,'LIGHT',932.49
1666162404896,1737533,'CO2',1680.0
1666162410891,1743670,'TEMPERATURE',21.09
1666162410893,1743671,'HUMIDITY',56.26
1666162410894,1743680,'LIGHT',932.49
1666162410895,1743685,'CO2',1677.0
1666162417035,1749822,'TEMPERATURE',21.07
1666162417082,1749823,'HUMIDITY',56.24
1666162417083,1749831,'LIGHT',931.66
1666162417228,1749838,'CO2',1675.0
1666162423179,1755975,'TEMPERATURE',21.08
1666162423228,1755976,'HUMIDITY',56.24
1666162423273,1755983,'LIGHT',934.16
1666162423274,1755991,'CO2',1676.0
1666162429366,1762127,'TEMPERATURE',21.08
1666162429368,1762128,'HUMIDITY',56.2
1666162429369,1762137,'LIGHT',933.33
1666162429370,1762144,'CO2',1676.0
1666162435509,1768281,'TEMPERATURE',21.07
1666162435511,1768282,'HUMIDITY',56.19
1666162435512,1768291,'LIGHT',931.66
1666162435515,1768298,'CO2',1669.0
1666162441652,1774435,'TEMPERATURE',21.11
1666162441654,1774436,'HUMIDITY',56.2
1666162441656,1774443,'LIGHT',933.33
1666162441749,1774450,'CO2',1668.0
1666162447806,1780587,'TEMPERATURE',21.11
1666162447807,1780588,'HUMIDITY',56.15
1666162447809,1780596,'LIGHT',931.66
1666162447891,1780605,'CO2',1667.0
1666162453987,1786742,'TEMPERATURE',21.09
1666162453989,1786743,'HUMIDITY',56.16
1666162454208,1786752,'LIGHT',932.49
1666162454208,1786759,'CO2',1667.0
1666162460128,1792896,'TEMPERATURE',21.09
1666162460129,1792897,'HUMIDITY',56.16
1666162460130,1792906,'LIGHT',934.16
1666162460130,1792911,'CO2',1670.0
1666162466270,1799048,'TEMPERATURE',21.08
1666162466320,1799049,'HUMIDITY',56.09
1666162466322,1799058,'LIGHT',931.66
1666162466367,1799063,'CO2',1669.0
1666162472464,1805200,'TEMPERATURE',21.08
1666162472511,1805201,'HUMIDITY',56.15
1666162472512,1805209,'LIGHT',931.66
1666162472656,1805215,'CO2',1668.0
1666162478555,1811351,'TEMPERATURE',21.08
1666162478557,1811352,'HUMIDITY',56.13
1666162478604,1811359,'LIGHT',933.33
1666162478605,1811369,'CO2',1662.0
1666162484796,1817505,'TEMPERATURE',21.09
1666162484894,1817506,'HUMIDITY',56.05
1666162484896,1817515,'LIGHT',938.33
1666162484941,1817520,'CO2',1663.0
1666162490986,1823657,'TEMPERATURE',21.12
1666162491044,1823658,'HUMIDITY',56.1
1666162491045,1823667,'LIGHT',932.49
1666162491046,1823674,'CO2',1660.0
1666162497030,1829810,'TEMPERATURE',21.11
1666162497031,1829811,'HUMIDITY',56.05
1666162497032,1829818,'LIGHT',933.33
1666162497033,1829825,'CO2',1670.0
1666162503174,1835962,'TEMPERATURE',21.12
1666162503223,1835963,'HUMIDITY',56.1
1666162503225,1835970,'LIGHT',931.66
1666162503226,1835976,'CO2',1682.0
1666162509317,1842113,'TEMPERATURE',21.11
1666162509366,1842114,'HUMIDITY',56.08
1666162509367,1842121,'LIGHT',932.49
1666162509510,1842128,'CO2',1689.0
1666162515506,1848265,'TEMPERATURE',21.11
1666162515556,1848266,'HUMIDITY',56.03
1666162515606,1848275,'LIGHT',932.49
1666162515608,1848282,'CO2',1688.0
1666162521655,1854419,'TEMPERATURE',21.12
1666162521699,1854420,'HUMIDITY',56.03
1666162521700,1854429,'LIGHT',933.33
1666162521701,1854436,'CO2',1690.0
1666162527793,1860573,'TEMPERATURE',21.11
1666162527794,1860574,'HUMIDITY',56.0
1666162527795,1860583,'LIGHT',933.33
1666162527796,1860590,'CO2',1689.0
1666162533934,1866727,'TEMPERATURE',21.09
1666162533935,1866728,'HUMIDITY',56.0
1666162534032,1866736,'LIGHT',933.33
1666162534033,1866744,'CO2',1689.0
1666162540224,1872880,'TEMPERATURE',21.09
1666162540226,1872881,'HUMIDITY',56.0
1666162540227,1872890,'LIGHT',933.33
1666162540228,1872897,'CO2',1689.0
1666162546268,1879033,'TEMPERATURE',21.11
1666162546270,1879034,'HUMIDITY',56.0
1666162546369,1879043,'LIGHT',935.83
1666162546370,1879048,'CO2',1690.0
1666162552415,1885185,'TEMPERATURE',21.12
1666162552416,1885186,'HUMIDITY',56.03
1666162552416,1885193,'LIGHT',933.33
1666162552417,1885200,'CO2',1689.0
1666162558602,1891337,'TEMPERATURE',21.12
1666162558603,1891338,'HUMIDITY',55.99
1666162558747,1891345,'LIGHT',933.33
1666162558797,1891352,'CO2',1689.0
1666162564696,1897488,'TEMPERATURE',21.13
1666162564697,1897489,'HUMIDITY',55.99
1666162564698,1897496,'LIGHT',933.33
1666162564744,1897505,'CO2',1688.0
1666162570887,1903641,'TEMPERATURE',21.12
1666162570945,1903642,'HUMIDITY',55.9
1666162570946,1903650,'LIGHT',933.33
1666162571082,1903657,'CO2',1692.0
1666162577078,1909794,'TEMPERATURE',21.12
1666162577128,1909795,'HUMIDITY',55.97
1666162577130,1909804,'LIGHT',933.33
1666162577225,1909811,'CO2',1691.0
1666162583227,1915948,'TEMPERATURE',21.12
1666162583271,1915949,'HUMIDITY',55.95
1666162583319,1915958,'LIGHT',933.33
1666162583320,1915965,'CO2',1693.0
1666162589314,1922102,'TEMPERATURE',21.12
1666162589315,1922103,'HUMIDITY',55.95
1666162589413,1922110,'LIGHT',935.83
1666162589461,1922116,'CO2',1693.0
1666162595459,1928253,'TEMPERATURE',21.12
1666162595462,1928254,'HUMIDITY',55.9
1666162595612,1928261,'LIGHT',933.33
1666162595652,1928270,'CO2',1692.0
1666162601648,1934407,'TEMPERATURE',21.12
1666162601650,1934408,'HUMIDITY',55.92
1666162601747,1934417,'LIGHT',933.33
1666162601794,1934424,'CO2',1691.0
1666162607792,1940560,'TEMPERATURE',21.11
1666162607793,1940561,'HUMIDITY',55.9
1666162607794,1940570,'LIGHT',935.83
1666162607795,1940577,'CO2',1688.0
1666162613933,1946714,'TEMPERATURE',21.12
1666162613982,1946715,'HUMIDITY',55.9
1666162613983,1946724,'LIGHT',934.16
1666162614084,1946730,'CO2',1689.0
1666162620136,1952867,'TEMPERATURE',21.15
1666162620137,1952868,'HUMIDITY',55.9
1666162620137,1952876,'LIGHT',933.33
1666162620172,1952884,'CO2',1681.0
1666162626270,1959021,'TEMPERATURE',21.13
1666162626315,1959022,'HUMIDITY',55.87
1666162626317,1959031,'LIGHT',935.83
1666162626412,1959038,'CO2',1681.0
